RepoName,RepoType,GitHubURL
duxuhao/Feature-Selection,Applied,https://github.com/duxuhao/Feature-Selection.git
kakaobrain/torchgpipe,Applied,https://github.com/kakaobrain/torchgpipe.git
ternaus/robot-surgery-segmentation,Applied,https://github.com/ternaus/robot-surgery-segmentation.git
knorth55/chainer-dense-fusion,Applied,https://github.com/knorth55/chainer-dense-fusion.git
scikit-learn-contrib/mimic,Tool,https://github.com/scikit-learn-contrib/mimic.git
AllenInstitute/mouse_connectivity_models,Applied,https://github.com/AllenInstitute/mouse_connectivity_models.git
jfilter/split-folders,Applied,https://github.com/jfilter/split-folders.git
apacha/MusicScoreClassifier,Applied,https://github.com/apacha/MusicScoreClassifier.git
hoxo-m/densratio_py,Tool,https://github.com/hoxo-m/densratio_py.git
CSAILVision/gandissect,Applied,https://github.com/CSAILVision/gandissect.git
nengo/nengo-dl,Applied,https://github.com/nengo/nengo-dl.git
comtravo/ctparse,Applied,https://github.com/comtravo/ctparse.git
gbolmier/funk-svd,Applied,https://github.com/gbolmier/funk-svd.git
qubvel/efficientnet,Applied,https://github.com/qubvel/efficientnet.git
HunterMcGushion/hyperparameter_hunter,Applied,https://github.com/HunterMcGushion/hyperparameter_hunter.git
5hirish/adam_qas,Applied,https://github.com/5hirish/adam_qas.git
fnl/syntok,Applied,https://github.com/fnl/syntok.git
vgrabovets/multi_rake,Applied,https://github.com/vgrabovets/multi_rake.git
kfoynt/LocalGraphClustering,Applied,https://github.com/kfoynt/LocalGraphClustering.git
JasonKessler/scattertext,Applied,https://github.com/JasonKessler/scattertext.git
justusschock/shapenet,Applied,https://github.com/justusschock/shapenet.git
eyounx/ZOOpt,Applied,https://github.com/eyounx/ZOOpt.git
CyberZHG/keras-word-char-embd,Applied,https://github.com/CyberZHG/keras-word-char-embd.git
akoumjian/datefinder,Tool,https://github.com/akoumjian/datefinder.git
Erotemic/netharn,Applied,https://github.com/Erotemic/netharn.git
pandoraboxchain/pyrrha-pynode,Applied,https://github.com/pandoraboxchain/pyrrha-pynode.git
marl/openl3,Applied,https://github.com/marl/openl3.git
jcreinhold/synthtorch,Applied,https://github.com/jcreinhold/synthtorch.git
miguelvr/dropblock,Applied,https://github.com/miguelvr/dropblock.git
CyberZHG/keras-pos-embd,Applied,https://github.com/CyberZHG/keras-pos-embd.git
polyaxon/polyaxon-schemas,Tool,https://github.com/polyaxon/polyaxon-schemas.git
IBM/MAX-Speech-to-Text-Converter,Applied,https://github.com/IBM/MAX-Speech-to-Text-Converter.git
arm61/pylj,Applied,https://github.com/arm61/pylj.git
lopuhin/transformer-lm,Applied,https://github.com/lopuhin/transformer-lm.git
poldracklab/mriqc,Applied,https://github.com/poldracklab/mriqc.git
philgooch/abbreviation-extraction,Applied,https://github.com/philgooch/abbreviation-extraction.git
soaxelbrooke/python-bpe,Applied,https://github.com/soaxelbrooke/python-bpe.git
jerrygaoLondon/jgtextrank,Tool,https://github.com/jerrygaoLondon/jgtextrank.git
HDI-Project/ATM,Applied,https://github.com/HDI-Project/ATM.git
DrSleep/DenseTorch,Applied,https://github.com/DrSleep/DenseTorch.git
Mogeng/IOHMM,Applied,https://github.com/Mogeng/IOHMM.git
amoussawi/recoder,Applied,https://github.com/amoussawi/recoder.git
UGentBiomath/wwdata,Applied,https://github.com/UGentBiomath/wwdata.git
skggm/skggm,Applied,https://github.com/skggm/skggm.git
anrputina/outlierdenstream,Applied,https://github.com/anrputina/outlierdenstream.git
IBM/MAX-ResNet-50,Applied,https://github.com/IBM/MAX-ResNet-50.git
IBM/MAX-Image-Caption-Generator,Applied,https://github.com/IBM/MAX-Image-Caption-Generator.git
kiudee/cs-ranking,Applied,https://github.com/kiudee/cs-ranking.git
msuzen/bristol,Applied,https://github.com/msuzen/bristol.git
jkoutsikakis/pytorch-wrapper,Applied,https://github.com/jkoutsikakis/pytorch-wrapper.git
georgymh/decentralized-ml,Applied,https://github.com/georgymh/decentralized-ml.git
sbl-sdsc/mmtf-pyspark,Applied,https://github.com/sbl-sdsc/mmtf-pyspark.git
thuijskens/scikit-hyperband,Tool,https://github.com/thuijskens/scikit-hyperband.git
priyankshah7/hypers,Applied,https://github.com/priyankshah7/hypers.git
jungtaekkim/bayeso,Applied,https://github.com/jungtaekkim/bayeso.git
sherpa-ai/sherpa,Applied,https://github.com/sherpa-ai/sherpa.git
justinshenk/fer,Applied,https://github.com/justinshenk/fer.git
IBM/MAX-Audio-Sample-Generator,Applied,https://github.com/IBM/MAX-Audio-Sample-Generator.git
permfl/dictlearn,Applied,https://github.com/permfl/dictlearn.git
Kensuke-Mitsuzawa/JapaneseTokenizers,Tool,https://github.com/Kensuke-Mitsuzawa/JapaneseTokenizers.git
square/pysurvival,Tool,https://github.com/square/pysurvival.git
Axelrod-Python/axelrod-dojo,Applied,https://github.com/Axelrod-Python/axelrod-dojo.git
t-sakai-kure/pywsl,Tool,https://github.com/t-sakai-kure/pywsl.git
HealthCatalyst/healthcareai-py,Applied,https://github.com/HealthCatalyst/healthcareai-py.git
BerkeleyAutomation/gqcnn,Applied,https://github.com/BerkeleyAutomation/gqcnn.git
triagemd/keras-eval,Applied,https://github.com/triagemd/keras-eval.git
IBM/MAX-Audio-Classifier,Applied,https://github.com/IBM/MAX-Audio-Classifier.git
r9y9/deepvoice3_pytorch,Applied,https://github.com/r9y9/deepvoice3_pytorch.git
glm-tools/pyglmnet,Applied,https://github.com/glm-tools/pyglmnet.git
jeffkinnison/shadho,Applied,https://github.com/jeffkinnison/shadho.git
vene/sparse-structured-attention,Applied,https://github.com/vene/sparse-structured-attention.git
ubclaunchpad/minutes,Applied,https://github.com/ubclaunchpad/minutes.git
guillaumegenthial/tf_metrics,Tool,https://github.com/guillaumegenthial/tf_metrics.git
makcedward/nlpaug,Applied,https://github.com/makcedward/nlpaug.git
albarji/proxTV,Applied,https://github.com/albarji/proxTV.git
NLPatVCU/medaCy,Applied,https://github.com/NLPatVCU/medaCy.git
abdullahselek/koolsla,Applied,https://github.com/abdullahselek/koolsla.git
abdullahselek/spampy,Applied,https://github.com/abdullahselek/spampy.git
persephone-tools/persephone,Applied,https://github.com/persephone-tools/persephone.git
locuslab/qpth,Tool,https://github.com/locuslab/qpth.git
sammous/spacy-lefff,Tool,https://github.com/sammous/spacy-lefff.git
toodef/neural-pipeline,Applied,https://github.com/toodef/neural-pipeline.git
intuit/foremast-brain,Applied,https://github.com/intuit/foremast-brain.git
ErikGartner/hyperdock,Applied,https://github.com/ErikGartner/hyperdock.git
zvtvz/zvt,Applied,https://github.com/zvtvz/zvt.git
vi3k6i5/flashtext,Applied,https://github.com/vi3k6i5/flashtext.git
wittawatj/kernel-gof,Applied,https://github.com/wittawatj/kernel-gof.git
titu1994/tfdiffeq,Applied,https://github.com/titu1994/tfdiffeq.git
ncbi-nlp/NegBio,Applied,https://github.com/ncbi-nlp/NegBio.git
atomistic-machine-learning/schnetpack,Applied,https://github.com/atomistic-machine-learning/schnetpack.git
nok/sklearn-porter,Applied,https://github.com/nok/sklearn-porter.git
mila-iqia/babyai,Applied,https://github.com/mila-iqia/babyai.git
SuperKogito/Voice-based-gender-recognition,Applied,https://github.com/SuperKogito/Voice-based-gender-recognition.git
duketemon/pyuplift,Applied,https://github.com/duketemon/pyuplift.git
proycon/gecco,Applied,https://github.com/proycon/gecco.git
pathwayforte/pathway-forte,Applied,https://github.com/pathwayforte/pathway-forte.git
huggingface/neuralcoref,Applied,https://github.com/huggingface/neuralcoref.git
indix/whatthelang,Applied,https://github.com/indix/whatthelang.git
ParrotPrediction/pyalcs,Applied,https://github.com/ParrotPrediction/pyalcs.git
IBM/MAX-Image-Resolution-Enhancer,Applied,https://github.com/IBM/MAX-Image-Resolution-Enhancer.git
raamana/graynet,Applied,https://github.com/raamana/graynet.git
ikegami-yukino/oseti,Applied,https://github.com/ikegami-yukino/oseti.git
Keep-Current/Engine,Applied,https://github.com/Keep-Current/Engine.git
a-slide/pycoQC,Applied,https://github.com/a-slide/pycoQC.git
samuelstjean/nlsam,Tool,https://github.com/samuelstjean/nlsam.git
LexPredict/lexpredict-lexnlp,Tool,https://github.com/LexPredict/lexpredict-lexnlp.git
Tiiiger/bert_score,Applied,https://github.com/Tiiiger/bert_score.git
ibrahimsharaf/doc2vec,Applied,https://github.com/ibrahimsharaf/doc2vec.git
DongjunLee/kino-bot,Applied,https://github.com/DongjunLee/kino-bot.git
MaxHalford/starboost,Applied,https://github.com/MaxHalford/starboost.git
howl-anderson/seq2annotation,Applied,https://github.com/howl-anderson/seq2annotation.git
databricks/spark-sklearn,Tool,https://github.com/databricks/spark-sklearn.git
beringresearch/ivis,Applied,https://github.com/beringresearch/ivis.git
koshort/pyeunjeon,Applied,https://github.com/koshort/pyeunjeon.git
ugnelis/tensorflow-rnn-ctc,Applied,https://github.com/ugnelis/tensorflow-rnn-ctc.git
platisd/bad-commit-message-blocker,Applied,https://github.com/platisd/bad-commit-message-blocker.git
PPPLDeepLearning/plasma-python,Applied,https://github.com/PPPLDeepLearning/plasma-python.git
MathBunny/strava-wind-analysis-ml,Applied,https://github.com/MathBunny/strava-wind-analysis-ml.git
chakki-works/chariot,Applied,https://github.com/chakki-works/chariot.git
scikit-learn-contrib/stability-selection,Tool,https://github.com/scikit-learn-contrib/stability-selection.git
HoloClean/holoclean,Applied,https://github.com/HoloClean/holoclean.git
cjekel/tindetheus,Applied,https://github.com/cjekel/tindetheus.git
mholtzscher/spacy_readability,Applied,https://github.com/mholtzscher/spacy_readability.git
domainadaptation/salad,Applied,https://github.com/domainadaptation/salad.git
ssydasheng/GPflow-Slim,Applied,https://github.com/ssydasheng/GPflow-Slim.git
IlyaGusev/rnnmorph,Applied,https://github.com/IlyaGusev/rnnmorph.git
cbg-ethz/pybda,Applied,https://github.com/cbg-ethz/pybda.git
fdtomasi/regain,Applied,https://github.com/fdtomasi/regain.git
NRCan/geo-deep-learning,Applied,https://github.com/NRCan/geo-deep-learning.git
RandolphVI/Next-Basket-Recommendation,Applied,https://github.com/RandolphVI/Next-Basket-Recommendation.git
akshaynagpal/w2n,Applied,https://github.com/akshaynagpal/w2n.git
aleju/imgaug,Applied,https://github.com/aleju/imgaug.git
ELS-RD/anonymisation,Applied,https://github.com/ELS-RD/anonymisation.git
textpipe/textpipe,Applied,https://github.com/textpipe/textpipe.git
parlance/ctcdecode,Tool,https://github.com/parlance/ctcdecode.git
jmschrei/apricot,Tool,https://github.com/jmschrei/apricot.git
raphaelvallat/entropy,Applied,https://github.com/raphaelvallat/entropy.git
vecto-ai/vecto,Applied,https://github.com/vecto-ai/vecto.git
koalanlp/python-support,Tool,https://github.com/koalanlp/python-support.git
bmcfee/pumpp,Applied,https://github.com/bmcfee/pumpp.git
namisan/mt-dnn,Applied,https://github.com/namisan/mt-dnn.git
adhaamehab/arabicnlp,Tool,https://github.com/adhaamehab/arabicnlp.git
datarobot/pic2vec,Applied,https://github.com/datarobot/pic2vec.git
Liebeck/spacy-sentiws,Applied,https://github.com/Liebeck/spacy-sentiws.git
i3thuan5/tai5-uan5_gian5-gi2_kang1-ku7,Tool,https://github.com/i3thuan5/tai5-uan5_gian5-gi2_kang1-ku7.git
pycroscopy/pycroscopy,Applied,https://github.com/pycroscopy/pycroscopy.git
IBM/MAX-Object-Detector,Applied,https://github.com/IBM/MAX-Object-Detector.git
sinhrks/daskperiment,Tool,https://github.com/sinhrks/daskperiment.git
nature1995/Face-Recognition-System,Applied,https://github.com/nature1995/Face-Recognition-System.git
sorenlind/lemmy,Tool,https://github.com/sorenlind/lemmy.git
Zenohm/Friday,Applied,https://github.com/Zenohm/Friday.git
okfn-brasil/serenata-de-amor,Applied,https://github.com/okfn-brasil/serenata-de-amor.git
VSainteuf/izitorch,Tool,https://github.com/VSainteuf/izitorch.git
CyberZHG/keras-gpt-2,Applied,https://github.com/CyberZHG/keras-gpt-2.git
NTMC-Community/MatchZoo,Applied,https://github.com/NTMC-Community/MatchZoo.git
bfelbo/DeepMoji,Applied,https://github.com/bfelbo/DeepMoji.git
datmo/datmo,Applied,https://github.com/datmo/datmo.git
trevorstephens/gplearn,Tool,https://github.com/trevorstephens/gplearn.git
ealcobaca/pymfe,Applied,https://github.com/ealcobaca/pymfe.git
lucasmaystre/choix,Applied,https://github.com/lucasmaystre/choix.git
dmbee/seglearn,Applied,https://github.com/dmbee/seglearn.git
mackelab/delfi,Applied,https://github.com/mackelab/delfi.git
elitcloud/elit,Tool,https://github.com/elitcloud/elit.git
undertheseanlp/languageflow,Applied,https://github.com/undertheseanlp/languageflow.git
jonasrothfuss/fishervector,Applied,https://github.com/jonasrothfuss/fishervector.git
kLabUM/rrcf,Applied,https://github.com/kLabUM/rrcf.git
IBM/MAX-Text-Sentiment-Classifier,Applied,https://github.com/IBM/MAX-Text-Sentiment-Classifier.git
jawahar273/practNLPTools-lite,Applied,https://github.com/jawahar273/practNLPTools-lite.git
tensorly/tensorly,Tool,https://github.com/tensorly/tensorly.git
ScottfreeLLC/AlphaPy,Applied,https://github.com/ScottfreeLLC/AlphaPy.git
vkuznet/MLaaS4HEP,Applied,https://github.com/vkuznet/MLaaS4HEP.git
hawk31/pyGPGO,Applied,https://github.com/hawk31/pyGPGO.git
mir-am/LightTwinSVM,Tool,https://github.com/mir-am/LightTwinSVM.git
JonathanRaiman/pytreebank,Applied,https://github.com/JonathanRaiman/pytreebank.git
iandanforth/pymuscle,Applied,https://github.com/iandanforth/pymuscle.git
chainer/onnx-chainer,Applied,https://github.com/chainer/onnx-chainer.git
hachmannlab/chemml,Applied,https://github.com/hachmannlab/chemml.git
Cloud-CV/EvalAI,Applied,https://github.com/Cloud-CV/EvalAI.git
Legilibre/legi.py,Applied,https://github.com/Legilibre/legi.py.git
oseiskar/autosubsync,Applied,https://github.com/oseiskar/autosubsync.git
maxrousseau/pfla,Applied,https://github.com/maxrousseau/pfla.git
apple/turicreate,Applied,https://github.com/apple/turicreate.git
DrSleep/light-weight-refinenet,Applied,https://github.com/DrSleep/light-weight-refinenet.git
sethah/deeptennis,Applied,https://github.com/sethah/deeptennis.git
scikit-garden/scikit-garden,Applied,https://github.com/scikit-garden/scikit-garden.git
netrack/keras-metrics,Applied,https://github.com/netrack/keras-metrics.git
chakki-works/chazutsu,Tool,https://github.com/chakki-works/chazutsu.git
src-d/ml-core,Tool,https://github.com/src-d/ml-core.git
dirty-cat/dirty_cat,Applied,https://github.com/dirty-cat/dirty_cat.git
Hananel-Hazan/bindsnet,Applied,https://github.com/Hananel-Hazan/bindsnet.git
OFAI/hub-toolbox-python3,Applied,https://github.com/OFAI/hub-toolbox-python3.git
sintefneodroid/agent,Applied,https://github.com/sintefneodroid/agent.git
pescadores/pescador,Applied,https://github.com/pescadores/pescador.git
CyberZHG/wiki-dump-reader,Applied,https://github.com/CyberZHG/wiki-dump-reader.git
MagNet-DL/magnet,Applied,https://github.com/MagNet-DL/magnet.git
daniel-cortez-stevenson/crypto-predict,Applied,https://github.com/daniel-cortez-stevenson/crypto-predict.git
mikgroup/sigpy,Applied,https://github.com/mikgroup/sigpy.git
maximecb/gym-miniworld,Applied,https://github.com/maximecb/gym-miniworld.git
cgre-aachen/bayseg,Tool,https://github.com/cgre-aachen/bayseg.git
leopepe/GOApy,Applied,https://github.com/leopepe/GOApy.git
alvations/sacremoses,Applied,https://github.com/alvations/sacremoses.git
imgarylai/bert-embedding,Applied,https://github.com/imgarylai/bert-embedding.git
braincreators/octconv,Applied,https://github.com/braincreators/octconv.git
alvations/pywsd,Applied,https://github.com/alvations/pywsd.git
kpe/bert-for-tf2,Tool,https://github.com/kpe/bert-for-tf2.git
wzpan/wukong-robot,Applied,https://github.com/wzpan/wukong-robot.git
IBM/MAX-Audio-Embedding-Generator,Applied,https://github.com/IBM/MAX-Audio-Embedding-Generator.git
zuoxingdong/lagom,Applied,https://github.com/zuoxingdong/lagom.git
esowc/ml_drought,Applied,https://github.com/esowc/ml_drought.git
google/tangent,Applied,https://github.com/google/tangent.git
wesselb/stheno,Applied,https://github.com/wesselb/stheno.git
IBM/MAX-News-Text-Generator,Applied,https://github.com/IBM/MAX-News-Text-Generator.git
nicodv/kmodes,Applied,https://github.com/nicodv/kmodes.git
alvinwan/timefhuman,Applied,https://github.com/alvinwan/timefhuman.git
ikegami-yukino/pymlask,Applied,https://github.com/ikegami-yukino/pymlask.git
loli/medpy,Applied,https://github.com/loli/medpy.git
maxpumperla/elephas,Applied,https://github.com/maxpumperla/elephas.git
JoergFranke/ADNC,Applied,https://github.com/JoergFranke/ADNC.git
nlppln/nlppln,Applied,https://github.com/nlppln/nlppln.git
ikegami-yukino/neologdn,Tool,https://github.com/ikegami-yukino/neologdn.git
neka-nat/tensorboard-chainer,Tool,https://github.com/neka-nat/tensorboard-chainer.git
vecxoz/vecstack,Tool,https://github.com/vecxoz/vecstack.git
innodatalabs/tbert,Tool,https://github.com/innodatalabs/tbert.git
sintefneodroid/neo,Tool,https://github.com/sintefneodroid/neo.git
nerox8664/gluon2pytorch,Applied,https://github.com/nerox8664/gluon2pytorch.git
pymc-learn/pymc-learn,Applied,https://github.com/pymc-learn/pymc-learn.git
wkentaro/chainer-cyclegan,Applied,https://github.com/wkentaro/chainer-cyclegan.git
shineware/PyKOMORAN,Applied,https://github.com/shineware/PyKOMORAN.git
snipsco/snips-nlu-metrics,Applied,https://github.com/snipsco/snips-nlu-metrics.git
verifid/mocr,Applied,https://github.com/verifid/mocr.git
scikit-optimize/scikit-optimize,Applied,https://github.com/scikit-optimize/scikit-optimize.git
bigartm/bigartm,Applied,https://github.com/bigartm/bigartm.git
fcurella/django-recommends,Applied,https://github.com/fcurella/django-recommends.git
astorfi/3D-convolutional-speaker-recognition,Applied,https://github.com/astorfi/3D-convolutional-speaker-recognition.git
guokr/Caver,Tool,https://github.com/guokr/Caver.git
MisaOgura/flashtorch,Tool,https://github.com/MisaOgura/flashtorch.git
modAL-python/modAL,Tool,https://github.com/modAL-python/modAL.git
chainer/chainercv,Tool,https://github.com/chainer/chainercv.git
NVIDIA/DIGITS,Tool,https://github.com/NVIDIA/DIGITS.git
r9y9/nnmnkwii,Tool,https://github.com/r9y9/nnmnkwii.git
stanfordnlp/stanfordnlp,Tool,https://github.com/stanfordnlp/stanfordnlp.git
raviqqe/tensorflow-qnd,Tool,https://github.com/raviqqe/tensorflow-qnd.git
Mariewelt/OpenChem,Tool,https://github.com/Mariewelt/OpenChem.git
reiinakano/scikit-plot,Tool,https://github.com/reiinakano/scikit-plot.git
PetrochukM/PyTorch-NLP,Tool,https://github.com/PetrochukM/PyTorch-NLP.git
clips/pattern,Tool,https://github.com/clips/pattern.git
Maluuba/nlg-eval,Tool,https://github.com/Maluuba/nlg-eval.git
yxonic/fret,Tool,https://github.com/yxonic/fret.git
arthurpaulino/miraiml,Tool,https://github.com/arthurpaulino/miraiml.git
fukatani/stacked_generalization,Tool,https://github.com/fukatani/stacked_generalization.git
CrowdTruth/CrowdTruth-core,Tool,https://github.com/CrowdTruth/CrowdTruth-core.git
cltk/cltk,Tool,https://github.com/cltk/cltk.git
kermitt2/delft,Tool,https://github.com/kermitt2/delft.git
ecohealthalliance/EpiTator,Tool,https://github.com/ecohealthalliance/EpiTator.git
Jopepato/SMiLE,Tool,https://github.com/Jopepato/SMiLE.git
chakki-works/seqeval,Tool,https://github.com/chakki-works/seqeval.git
alan-turing-institute/skpro,Tool,https://github.com/alan-turing-institute/skpro.git
NIHOPA/NLPre,Tool,https://github.com/NIHOPA/NLPre.git
ClarityNLP/ClarityNLP,Tool,https://github.com/ClarityNLP/ClarityNLP.git
scikit-learn/scikit-learn,Tool,https://github.com/scikit-learn/scikit-learn.git
nielstron/quantulum3,Tool,https://github.com/nielstron/quantulum3.git
chainer/chainer,Tool,https://github.com/chainer/chainer.git
vzhou842/profanity-check,Tool,https://github.com/vzhou842/profanity-check.git
raamana/neuropredict,Tool,https://github.com/raamana/neuropredict.git
antoinecarme/pyaf,Tool,https://github.com/antoinecarme/pyaf.git
Rostlab/nalaf,Tool,https://github.com/Rostlab/nalaf.git
gosha20777/keras2cpp,Tool,https://github.com/gosha20777/keras2cpp.git
SekouD/mlconjug,Tool,https://github.com/SekouD/mlconjug.git
datamade/usaddress,Tool,https://github.com/datamade/usaddress.git
scikit-multiflow/scikit-multiflow,Tool,https://github.com/scikit-multiflow/scikit-multiflow.git
kundajelab/dragonn,Tool,https://github.com/kundajelab/dragonn.git
MaxHalford/prince,Tool,https://github.com/MaxHalford/prince.git
RasaHQ/rasa_core,Tool,https://github.com/RasaHQ/rasa_core.git
inspirehep/magpie,Tool,https://github.com/inspirehep/magpie.git
goulu/Goulib,Tool,https://github.com/goulu/Goulib.git
fastnlp/fastNLP,Tool,https://github.com/fastnlp/fastNLP.git
feedly/transfer-nlp,Tool,https://github.com/feedly/transfer-nlp.git
scikit-learn-contrib/hdbscan,Tool,https://github.com/scikit-learn-contrib/hdbscan.git
bhargavvader/pycobra,Tool,https://github.com/bhargavvader/pycobra.git
gunthercox/ChatterBot,Tool,https://github.com/gunthercox/ChatterBot.git
jfilter/text-classification-keras,Tool,https://github.com/jfilter/text-classification-keras.git
openopt/copt,Tool,https://github.com/openopt/copt.git
bamos/block,Tool,https://github.com/bamos/block.git
lai-bluejay/diego,Tool,https://github.com/lai-bluejay/diego.git
funkey/gunpowder,Tool,https://github.com/funkey/gunpowder.git
bmcfee/muda,Tool,https://github.com/bmcfee/muda.git
proycon/foliapy,Tool,https://github.com/proycon/foliapy.git
scikit-learn-contrib/imbalanced-learn,Tool,https://github.com/scikit-learn-contrib/imbalanced-learn.git
scikit-learn-contrib/polylearn,Tool,https://github.com/scikit-learn-contrib/polylearn.git
nschaetti/EchoTorch,Tool,https://github.com/nschaetti/EchoTorch.git
RaRe-Technologies/gensim,Tool,https://github.com/RaRe-Technologies/gensim.git
OlafenwaMoses/ImageAI,Tool,https://github.com/OlafenwaMoses/ImageAI.git
flennerhag/mlens,Tool,https://github.com/flennerhag/mlens.git
proycon/pynlpl,Tool,https://github.com/proycon/pynlpl.git
onnx/onnx-caffe2,Tool,https://github.com/onnx/onnx-caffe2.git
oracle/Skater,Tool,https://github.com/oracle/Skater.git
undertheseanlp/underthesea,Tool,https://github.com/undertheseanlp/underthesea.git
crcollins/molml,Tool,https://github.com/crcollins/molml.git
autonomio/kerasplotlib,Tool,https://github.com/autonomio/kerasplotlib.git
thu-ml/zhusuan,Tool,https://github.com/thu-ml/zhusuan.git
alfredfrancis/ai-chatbot-framework,Tool,https://github.com/alfredfrancis/ai-chatbot-framework.git
BehaviorTree/BehaviorTree.CPP,Tool,https://github.com/BehaviorTree/BehaviorTree.CPP.git
snipsco/snips-nlu,Tool,https://github.com/snipsco/snips-nlu.git
DeNA/ChainerPruner,Tool,https://github.com/DeNA/ChainerPruner.git
chakki-works/sumeval,Tool,https://github.com/chakki-works/sumeval.git
dssg/triage,Tool,https://github.com/dssg/triage.git
jmaggio14/imagepypelines,Tool,https://github.com/jmaggio14/imagepypelines.git
thehyve/tmtk,Tool,https://github.com/thehyve/tmtk.git
amzn/xfer,Tool,https://github.com/amzn/xfer.git
BIMSBbioinfo/maui,Tool,https://github.com/BIMSBbioinfo/maui.git
CPJKU/madmom,Tool,https://github.com/CPJKU/madmom.git
kakao/n2,Tool,https://github.com/kakao/n2.git
JohnVinyard/zounds,Tool,https://github.com/JohnVinyard/zounds.git
ysig/GraKeL,Tool,https://github.com/ysig/GraKeL.git
proycon/colibri-core,Tool,https://github.com/proycon/colibri-core.git
Thenerdstation/mltest,Tool,https://github.com/Thenerdstation/mltest.git
microsoft/MMdnn,Tool,https://github.com/microsoft/MMdnn.git
chainer/chainerrl,Tool,https://github.com/chainer/chainerrl.git
vzhong/embeddings,Tool,https://github.com/vzhong/embeddings.git
DynaSlum/satsense,Tool,https://github.com/DynaSlum/satsense.git
SmartDataAnalytics/BioKEEN,Tool,https://github.com/SmartDataAnalytics/BioKEEN.git
mdbloice/Augmentor,Tool,https://github.com/mdbloice/Augmentor.git
tensorflow/tensor2tensor,Tool,https://github.com/tensorflow/tensor2tensor.git
plstcharles/thelper,Tool,https://github.com/plstcharles/thelper.git
majianjia/nnom,Tool,https://github.com/majianjia/nnom.git
yasserfarouk/negmas,Tool,https://github.com/yasserfarouk/negmas.git
TeamHG-Memex/eli5,Tool,https://github.com/TeamHG-Memex/eli5.git
nilearn/nilearn,Tool,https://github.com/nilearn/nilearn.git
yzhao062/pyod,Tool,https://github.com/yzhao062/pyod.git
Aifred-Health/Vulcan,Tool,https://github.com/Aifred-Health/Vulcan.git
PaddlePaddle/X2Paddle,Tool,https://github.com/PaddlePaddle/X2Paddle.git
annoviko/pyclustering,Tool,https://github.com/annoviko/pyclustering.git
ibayer/fastFM,Tool,https://github.com/ibayer/fastFM.git
medtagger/MedTagger,Tool,https://github.com/medtagger/MedTagger.git
mideind/Icegrams,Tool,https://github.com/mideind/Icegrams.git
openeventdata/mordecai,Tool,https://github.com/openeventdata/mordecai.git
rasbt/mlxtend,Tool,https://github.com/rasbt/mlxtend.git
usnistgov/jarvis,Tool,https://github.com/usnistgov/jarvis.git
wmkouw/libTLDA,Tool,https://github.com/wmkouw/libTLDA.git
DanielJDufour/language-detector,Applied,https://github.com/DanielJDufour/language-detector.git
IBM/MAX-Breast-Cancer-Mitosis-Detector,Applied,https://github.com/IBM/MAX-Breast-Cancer-Mitosis-Detector.git
IBM/MAX-Fast-Neural-Style-Transfer,Applied,https://github.com/IBM/MAX-Fast-Neural-Style-Transfer.git
IBM/MAX-Image-Segmenter,Applied,https://github.com/IBM/MAX-Image-Segmenter.git
IBM/MAX-Inception-ResNet-v2,Applied,https://github.com/IBM/MAX-Inception-ResNet-v2.git
IBM/MAX-Review-Text-Generator,Applied,https://github.com/IBM/MAX-Review-Text-Generator.git
IBM/MAX-Scene-Classifier,Applied,https://github.com/IBM/MAX-Scene-Classifier.git
IBM/MAX-Sports-Video-Classifier,Applied,https://github.com/IBM/MAX-Sports-Video-Classifier.git
IBM/MAX-Weather-Forecaster,Applied,https://github.com/IBM/MAX-Weather-Forecaster.git
IBM/mi-prometheus,Tool,https://github.com/IBM/mi-prometheus.git
LanguageMachines/PICCL,Applied,https://github.com/LanguageMachines/PICCL.git
PIQuIL/QuCumber,Applied,https://github.com/PIQuIL/QuCumber.git
RomanovMikeV/setka,Applied,https://github.com/RomanovMikeV/setka.git
WenjieZ/TSCV,Tool,https://github.com/WenjieZ/TSCV.git
X-DataInitiative/tick,Applied,https://github.com/X-DataInitiative/tick.git
aldro61/mmit,Applied,https://github.com/aldro61/mmit.git
biocore/calour,Applied,https://github.com/biocore/calour.git
datasciencecampus/pyGrams,Applied,https://github.com/datasciencecampus/pyGrams.git
deepfakes/faceswap,Applied,https://github.com/deepfakes/faceswap.git
font-bakers/knead,Applied,https://github.com/font-bakers/knead.git
gbnk0/simple-image-classifier,Applied,https://github.com/gbnk0/simple-image-classifier.git
jobovy/extreme-deconvolution,Applied,https://github.com/jobovy/extreme-deconvolution.git
lyst/lightfm,Applied,https://github.com/lyst/lightfm.git
maciejkula/spotlight,Applied,https://github.com/maciejkula/spotlight.git
mapbox/robosat,Applied,https://github.com/mapbox/robosat.git
mirapy-org/mirapy,Applied,https://github.com/mirapy-org/mirapy.git
moe-serifu-circle/moe-serifu-agent,Applied,https://github.com/moe-serifu-circle/moe-serifu-agent.git
molecularsets/moses,Applied,https://github.com/molecularsets/moses.git
msmbuilder/osprey,Applied,https://github.com/msmbuilder/osprey.git
nathan-toubiana/scitime,Applied,https://github.com/nathan-toubiana/scitime.git
nrontsis/PILCO,Applied,https://github.com/nrontsis/PILCO.git
plasticityai/magnitude,Applied,https://github.com/plasticityai/magnitude.git
rajveermalviya/language-modeling,Applied,https://github.com/rajveermalviya/language-modeling.git
scikit-multilearn/scikit-multilearn,Applied,https://github.com/scikit-multilearn/scikit-multilearn.git
shenweichen/DeepCTR,Applied,https://github.com/shenweichen/DeepCTR.git
tzutalin/labelImg,Applied,https://github.com/tzutalin/labelImg.git
uwreact/uwreact_robot,Applied,https://github.com/uwreact/uwreact_robot.git
xvjiarui/GCNet,Applied,https://github.com/xvjiarui/GCNet.git
openml/automlbenchmark,Tool,https://github.com/openml/automlbenchmark.git
